22.09.2005 21:51:40;main;1;1;0;1;ResourceManagerService;read;30;[B org.apache.fulcrum.resourcemanager.ResourceManagerService.read(String,String)
22.09.2005 21:51:40;main;2;2;0;1;CommandDispatcher;register;50;void at.it20one.common.command.CommandDispatcher.register(at.it20one.common.command.CommandAcceptor,at.it20one.common.command.CommandExecutor)
22.09.2005 21:51:41;main;3;3;0;1;CommandDispatcher;register;0;void at.it20one.common.command.CommandDispatcher.register(at.it20one.common.command.CommandAcceptor,at.it20one.common.command.CommandExecutor)
22.09.2005 21:51:41;main;4;4;0;1;EventDispatcher;register;10;void at.it20one.common.event.EventDispatcher.register(at.it20one.common.event.EventAcceptor,at.it20one.common.event.EventExecutor)
22.09.2005 21:51:42;main;5;5;0;1;SignatureService;equals;0;boolean Object.equals(Object)
22.09.2005 21:51:42;main;6;6;0;1;SignatureService;register;0;void at.it20one.eprocurement.service.signature.SignatureServiceEx.register(String)
22.09.2005 21:51:42;main;7;7;0;1;PKCS12KeyStore;containsCertificateEntry;0;boolean at.it20one.eprocurement.service.keystore.PKCS12KeyStore.containsCertificateEntry(String)
22.09.2005 21:51:42;main;8;8;0;1;PKCS12KeyStore;containsCertificateEntry;0;boolean at.it20one.eprocurement.service.keystore.PKCS12KeyStore.containsCertificateEntry(String)
22.09.2005 21:51:42;main;9;9;0;1;SignatureService;equals;0;boolean Object.equals(Object)
22.09.2005 21:51:42;main;10;10;0;1;SignatureService;register;0;void at.it20one.eprocurement.service.signature.SignatureServiceEx.register(String)
22.09.2005 21:51:42;main;11;11;0;1;PKCS12KeyStore;containsCertificateEntry;0;boolean at.it20one.eprocurement.service.keystore.PKCS12KeyStore.containsCertificateEntry(String)
22.09.2005 21:51:42;main;12;12;0;1;SignatureService;equals;0;boolean Object.equals(Object)
22.09.2005 21:51:42;main;13;13;0;1;SignatureService;register;0;void at.it20one.eprocurement.service.signature.SignatureServiceEx.register(String)
22.09.2005 21:51:42;main;14;14;0;1;SignatureService;equals;0;boolean Object.equals(Object)
22.09.2005 21:51:42;main;15;15;0;1;SignatureService;register;0;void at.it20one.eprocurement.service.signature.SignatureServiceEx.register(String)
22.09.2005 21:51:42;main;16;16;0;1;SignatureService;equals;0;boolean Object.equals(Object)
22.09.2005 21:51:42;main;17;17;0;1;SignatureService;register;0;void at.it20one.eprocurement.service.signature.SignatureServiceEx.register(String)
22.09.2005 21:51:43;main;18;18;0;1;SignatureService;sign;962;Object at.it20one.eprocurement.service.signature.SignatureService.sign(String,String,String,Object,String,String,java.util.Hashtable)
22.09.2005 21:51:42;main;18;19;1;1;PdfSignatureService;isSupported;10;boolean at.it20one.eprocurement.service.signature.SignatureService.isSupported(Object,String)
22.09.2005 21:51:42;main;18;20;1;1;SMIMESignatureService;isSupported;0;boolean at.it20one.eprocurement.service.signature.SignatureService.isSupported(Object,String)
22.09.2005 21:51:42;main;18;21;1;1;XmlSignatureService;isSupported;0;boolean at.it20one.eprocurement.service.signature.SignatureService.isSupported(Object,String)
22.09.2005 21:51:43;main;18;22;1;1;XmlSignatureService;sign;952;Object at.it20one.eprocurement.service.signature.SignatureService.sign(String,String,String,Object,String,String,java.util.Hashtable)
22.09.2005 21:51:43;main;18;23;2;1;PKCS12KeyStore;getCertificateEntry;40;at.it20one.eprocurement.service.keystore.PKCS12KeyStoreEntry at.it20one.eprocurement.service.keystore.PKCS12KeyStore.getCertificateEntry(String)
22.09.2005 21:51:43;main;18;24;2;1;EventDispatcher;dispatch;20;void at.it20one.common.event.EventDispatcher.dispatch(at.it20one.common.event.Event)
22.09.2005 21:51:43;main;18;25;3;1;GroovyService;exists;0;boolean org.apache.fulcrum.groovy.GroovyService.exists(String)
22.09.2005 21:51:43;main;18;26;4;1;ResourceManagerService;exists;0;boolean org.apache.fulcrum.resourcemanager.ResourceManagerService.exists(String)
22.09.2005 21:51:43;main;18;27;4;1;ResourceManagerService;exists;0;boolean org.apache.fulcrum.resourcemanager.ResourceManagerService.exists(String,String)
22.09.2005 21:51:43;main;19;28;0;1;SignatureService;validate;120;at.it20one.eprocurement.service.signature.SignatureValidation at.it20one.eprocurement.service.signature.SignatureService.validate(Object,String)
22.09.2005 21:51:43;main;19;29;1;1;PdfSignatureService;isSupported;0;boolean at.it20one.eprocurement.service.signature.SignatureService.isSupported(Object,String)
22.09.2005 21:51:43;main;19;30;1;1;SMIMESignatureService;isSupported;0;boolean at.it20one.eprocurement.service.signature.SignatureService.isSupported(Object,String)
22.09.2005 21:51:43;main;19;31;1;1;XmlSignatureService;isSupported;0;boolean at.it20one.eprocurement.service.signature.SignatureService.isSupported(Object,String)
22.09.2005 21:51:43;main;19;32;1;1;XmlSignatureService;validate;110;at.it20one.eprocurement.service.signature.SignatureValidation at.it20one.eprocurement.service.signature.SignatureService.validate(Object,String)
